               epoch,      train/box_loss,      train/cls_loss,      train/dfl_loss,   metrics/precision,      metrics/recall,     metrics/mAP_0.5,metrics/mAP_0.5:0.95,        val/box_loss,        val/cls_loss,        val/dfl_loss,               x/lr0,               x/lr1,               x/lr2
                   0,              4.3613,              7.2703,              5.3968,                   0,                   0,                   0,                   0,                   0,                   0,                   0,              0.0928,              0.0008,              0.0008
                   1,              4.2974,              7.2819,              5.4095,                   0,                   0,                   0,                   0,                   0,                   0,                   0,            0.084697,           0.0016969,           0.0016969
                   2,              4.3359,               7.282,              5.3955,                   0,                   0,                   0,                   0,                   0,                   0,                   0,            0.076591,           0.0025906,           0.0025906
                   3,              4.3037,              7.2571,              5.4313,                   0,                   0,                   0,                   0,                   0,                   0,                   0,            0.068481,           0.0034811,           0.0034811
                   4,              4.3077,              7.2328,              5.3892,                   0,                   0,                   0,                   0,                   0,                   0,                   0,            0.060368,           0.0043683,           0.0043683
                   5,              4.3386,              7.2476,              5.3701,                   0,                   0,                   0,                   0,                   0,                   0,                   0,            0.052252,           0.0052523,           0.0052523
                   6,              4.3736,              7.2223,              5.4102,                   0,                   0,                   0,                   0,                   0,                   0,                   0,            0.044133,            0.006133,            0.006133
                   7,               4.342,              7.1591,              5.3857,                   0,                   0,                   0,                   0,                   0,                   0,                   0,            0.036011,           0.0070105,           0.0070105
                   8,              4.3111,              7.1317,              5.3482,                   0,                   0,                   0,                   0,                   0,                   0,                   0,            0.027885,           0.0078848,           0.0078848
                   9,              4.4159,               7.182,              5.3256,                   0,                   0,                   0,                   0,                   0,                   0,                   0,            0.019756,           0.0087558,           0.0087558
                  10,              4.3302,              7.0934,              5.3357,                   0,                   0,                   0,                   0,                   0,                   0,                   0,            0.011624,           0.0096236,           0.0096236
                  11,              4.3865,              7.1889,              5.3048,                   0,                   0,                   0,                   0,                   0,                   0,                   0,            0.009802,            0.009802,            0.009802
                  12,              4.3336,               7.014,               5.293,                   0,                   0,                   0,                   0,                   0,                   0,                   0,            0.009802,            0.009802,            0.009802
                  13,              4.3037,              6.9727,              5.2739,                   0,                   0,                   0,                   0,                   0,                   0,                   0,            0.009784,            0.009784,            0.009784
                  14,              4.3079,              6.8609,              5.2609,          9.9118e-05,          0.00030266,          5.0612e-05,          1.0065e-05,                   0,                   0,                   0,            0.009766,            0.009766,            0.009766
                  15,              4.3294,              7.0758,              5.2374,             0.37368,           0.0028249,          0.00019354,          1.9354e-05,                   0,                   0,                   0,            0.009748,            0.009748,            0.009748
                  16,              4.3227,              6.8628,              5.2001,             0.25426,          0.00090799,          8.2982e-06,          2.0554e-06,                   0,                   0,                   0,             0.00973,             0.00973,             0.00973
                  17,              4.2899,              6.6206,              5.1988,            0.000145,           0.0071471,          8.4782e-05,           3.299e-05,                   0,                   0,                   0,            0.009712,            0.009712,            0.009712
                  18,              4.2581,              6.6462,              5.1839,              0.3056,            0.012999,          0.00032886,          0.00023224,                   0,                   0,                   0,            0.009694,            0.009694,            0.009694
                  19,              4.2434,              6.8305,              5.1406,             0.13561,          0.00060533,          8.9843e-06,          2.6884e-06,                   0,                   0,                   0,            0.009676,            0.009676,            0.009676
                  20,               4.226,              6.4426,              5.1059,           0.0034354,           0.0056842,           0.0018825,          0.00075325,                   0,                   0,                   0,            0.009658,            0.009658,            0.009658
                  21,              4.1652,              6.2873,              5.0799,             0.18652,           0.0035815,          4.1007e-05,          6.4077e-06,                   0,                   0,                   0,             0.00964,             0.00964,             0.00964
                  22,              4.1564,              6.3078,              5.0643,           0.0042748,           0.0019514,           0.0029554,          0.00088852,                   0,                   0,                   0,            0.009622,            0.009622,            0.009622
                  23,              4.1976,               6.314,              5.0256,             0.13571,           0.0038842,          0.00010003,          1.3491e-05,                   0,                   0,                   0,            0.009604,            0.009604,            0.009604
                  24,              4.1278,               6.138,              4.9839,             0.18648,          0.00090799,          1.7275e-05,          4.8095e-06,                   0,                   0,                   0,            0.009586,            0.009586,            0.009586
                  25,              4.0366,              6.1453,              4.9335,             0.32223,          0.00030266,           4.613e-05,          1.3539e-05,                   0,                   0,                   0,            0.009568,            0.009568,            0.009568
                  26,              4.0357,              6.1077,              4.9159,             0.22228,            0.001816,          0.00045585,          0.00012818,                   0,                   0,                   0,             0.00955,             0.00955,             0.00955
                  27,              3.9733,              5.9016,              4.8714,             0.20353,           0.0030266,          4.3753e-05,          1.4529e-05,                   0,                   0,                   0,            0.009532,            0.009532,            0.009532
                  28,               3.986,              5.8573,              4.8113,          0.00021921,            0.016495,          0.00067362,          9.4134e-05,                   0,                   0,                   0,            0.009514,            0.009514,            0.009514
                  29,              3.9168,              5.7908,              4.7912,             0.20591,            0.011703,           0.0013373,          0.00032949,                   0,                   0,                   0,            0.009496,            0.009496,            0.009496
                  30,              3.8769,              5.8894,              4.7426,              0.1571,            0.012712,           0.0035705,          0.00096395,                   0,                   0,                   0,            0.009478,            0.009478,            0.009478
                  31,              3.8367,              5.7584,              4.6811,             0.12323,            0.012959,            0.001634,          0.00049295,                   0,                   0,                   0,             0.00946,             0.00946,             0.00946
                  32,              3.7933,              5.6639,              4.6239,          0.00062369,            0.020783,           0.0017776,          0.00059456,                   0,                   0,                   0,            0.009442,            0.009442,            0.009442
                  33,              3.7576,              5.6529,              4.5922,          0.00049028,           0.0069453,          0.00030059,          7.1273e-05,                   0,                   0,                   0,            0.009424,            0.009424,            0.009424
                  34,              3.7048,              5.6353,              4.5661,             0.25868,           0.0028753,           0.0015082,          0.00079741,                   0,                   0,                   0,            0.009406,            0.009406,            0.009406
                  35,              3.6435,              5.6891,              4.5464,             0.35439,           0.0024213,           0.0030483,           0.0021246,                   0,                   0,                   0,            0.009388,            0.009388,            0.009388
                  36,              3.5565,              5.5274,              4.4746,             0.36373,           0.0049939,           0.0062053,           0.0017694,                   0,                   0,                   0,             0.00937,             0.00937,             0.00937
                  37,               3.526,              5.4097,              4.3971,             0.44721,           0.0028753,           0.0036886,          0.00089614,                   0,                   0,                   0,            0.009352,            0.009352,            0.009352
                  38,               3.545,              5.4685,              4.3793,             0.47679,           0.0028753,           0.0012472,          0.00034074,                   0,                   0,                   0,            0.009334,            0.009334,            0.009334
                  39,              3.4374,              5.3835,              4.3079,             0.23826,           0.0042214,           0.0010934,          0.00028211,                   0,                   0,                   0,            0.009316,            0.009316,            0.009316
                  40,              3.3461,              5.2879,              4.2452,          0.00081604,            0.028334,           0.0010646,          0.00023598,                   0,                   0,                   0,            0.009298,            0.009298,            0.009298
                  41,              3.3635,              5.1839,              4.2373,          0.00095987,            0.014663,          0.00077013,          0.00015135,                   0,                   0,                   0,             0.00928,             0.00928,             0.00928
                  42,              3.2611,              5.1495,              4.1783,          0.00057133,            0.019102,          0.00090995,          0.00021209,                   0,                   0,                   0,            0.009262,            0.009262,            0.009262
                  43,              3.2884,              5.1139,              4.1301,          0.00037742,            0.012091,          0.00083079,           0.0002324,                   0,                   0,                   0,            0.009244,            0.009244,            0.009244
                  44,              3.1708,              5.0057,              4.0813,          0.00079705,            0.034589,           0.0014951,          0.00034592,                   0,                   0,                   0,            0.009226,            0.009226,            0.009226
                  45,              3.1604,              5.0225,              4.0281,             0.30607,           0.0084746,           0.0012078,          0.00038732,                   0,                   0,                   0,            0.009208,            0.009208,            0.009208
                  46,              3.0873,              4.9289,              4.0061,            0.002679,            0.038473,           0.0046067,           0.0010864,                   0,                   0,                   0,             0.00919,             0.00919,             0.00919
                  47,              3.0743,               4.879,              3.9688,              0.1881,            0.017841,           0.0023245,          0.00061555,                   0,                   0,                   0,            0.009172,            0.009172,            0.009172
                  48,              2.9753,              4.7537,               3.877,           0.0026611,            0.036556,           0.0050602,          0.00096184,                   0,                   0,                   0,            0.009154,            0.009154,            0.009154
                  49,              2.9442,              4.6049,              3.8245,           0.0017524,            0.036001,           0.0030144,          0.00047767,                   0,                   0,                   0,            0.009136,            0.009136,            0.009136
                  50,              2.9319,              4.6727,              3.8199,             0.43051,            0.003178,           0.0031896,          0.00067289,                   0,                   0,                   0,            0.009118,            0.009118,            0.009118
                  51,              2.9618,              4.7523,              3.8157,              0.3946,           0.0054479,            0.003806,          0.00079696,                   0,                   0,                   0,              0.0091,              0.0091,              0.0091
                  52,              2.7656,              4.3356,              3.6726,             0.53287,           0.0024213,            0.005106,           0.0012992,                   0,                   0,                   0,            0.009082,            0.009082,            0.009082
                  53,              2.7077,              4.3912,              3.6209,             0.59123,           0.0024213,           0.0068982,           0.0015637,                   0,                   0,                   0,            0.009064,            0.009064,            0.009064
                  54,              2.7565,              4.3738,              3.6262,             0.42882,           0.0049939,           0.0060786,           0.0015764,                   0,                   0,                   0,            0.009046,            0.009046,            0.009046
                  55,              2.6667,              4.2988,              3.5793,           0.0014239,            0.053051,           0.0027744,          0.00057508,                   0,                   0,                   0,            0.009028,            0.009028,            0.009028
                  56,              2.5711,              4.1073,              3.4978,            0.054422,            0.029544,           0.0041114,           0.0010573,                   0,                   0,                   0,             0.00901,             0.00901,             0.00901
                  57,              2.5333,              4.0729,              3.4445,             0.49897,           0.0078331,           0.0042384,           0.0011086,                   0,                   0,                   0,            0.008992,            0.008992,            0.008992
                  58,              2.5219,              4.1084,              3.4237,             0.51401,           0.0089286,           0.0053079,           0.0011804,                   0,                   0,                   0,            0.008974,            0.008974,            0.008974
                  59,              2.4798,              4.0646,              3.3926,           0.0022953,            0.043267,           0.0053667,           0.0011146,                   0,                   0,                   0,            0.008956,            0.008956,            0.008956
                  60,              2.4589,              4.0212,              3.3314,             0.10281,            0.012107,           0.0027989,          0.00052667,                   0,                   0,                   0,            0.008938,            0.008938,            0.008938
                  61,              2.3177,              3.9045,              3.2259,            0.001486,             0.03883,           0.0023567,          0.00046726,                   0,                   0,                   0,             0.00892,             0.00892,             0.00892
                  62,              2.2136,              3.6317,              3.1703,             0.36435,           0.0072639,           0.0038379,          0.00082835,                   0,                   0,                   0,            0.008902,            0.008902,            0.008902
                  63,              2.2712,              3.7069,               3.178,           0.0016466,            0.044189,           0.0025713,          0.00045933,                   0,                   0,                   0,            0.008884,            0.008884,            0.008884
                  64,              2.1816,              3.4541,              3.0353,           0.0012037,            0.031058,           0.0018921,          0.00034845,                   0,                   0,                   0,            0.008866,            0.008866,            0.008866
                  65,              2.1877,               3.465,              3.0537,          0.00087841,            0.035361,           0.0025108,          0.00061348,                   0,                   0,                   0,            0.008848,            0.008848,            0.008848
                  66,              2.1667,              3.3953,              3.0221,           0.0049619,            0.049912,           0.0046836,           0.0014623,                   0,                   0,                   0,             0.00883,             0.00883,             0.00883
                  67,              2.0774,              3.2954,              2.9301,           0.0013764,            0.043194,           0.0020744,           0.0005293,                   0,                   0,                   0,            0.008812,            0.008812,            0.008812
                  68,              2.0177,              3.2089,              2.8827,           0.0053138,            0.044643,           0.0052139,           0.0010114,                   0,                   0,                   0,            0.008794,            0.008794,            0.008794
                  69,              1.9167,              2.9366,              2.7431,           0.0012851,            0.034879,            0.001455,          0.00045883,                   0,                   0,                   0,            0.008776,            0.008776,            0.008776
                  70,              1.8939,              2.9732,              2.7413,          0.00088494,            0.031865,           0.0011867,          0.00039339,                   0,                   0,                   0,            0.008758,            0.008758,            0.008758
                  71,              1.8817,              2.9055,              2.6946,           0.0019681,            0.035446,            0.004016,           0.0012825,                   0,                   0,                   0,             0.00874,             0.00874,             0.00874
                  72,              1.7963,              2.7967,              2.6131,           0.0024657,            0.054225,           0.0066146,           0.0014713,                   0,                   0,                   0,            0.008722,            0.008722,            0.008722
                  73,              1.8175,              2.8601,               2.655,             0.53344,           0.0092312,           0.0068153,          0.00095995,                   0,                   0,                   0,            0.008704,            0.008704,            0.008704
                  74,               1.706,              2.7053,              2.5273,           0.0017655,            0.028297,           0.0016599,          0.00048024,                   0,                   0,                   0,            0.008686,            0.008686,            0.008686
                  75,              1.7005,              2.7363,              2.5157,           0.0012221,            0.039133,           0.0017208,          0.00058136,                   0,                   0,                   0,            0.008668,            0.008668,            0.008668
                  76,              1.6675,              2.6809,              2.4901,           0.0014514,            0.050646,           0.0027275,          0.00070417,                   0,                   0,                   0,             0.00865,             0.00865,             0.00865
                  77,              1.5553,              2.4169,              2.3777,             0.56875,           0.0063433,           0.0049569,          0.00098502,                   0,                   0,                   0,            0.008632,            0.008632,            0.008632
                  78,              1.5362,              2.3404,               2.344,             0.10364,            0.020343,           0.0045103,          0.00081414,                   0,                   0,                   0,            0.008614,            0.008614,            0.008614
                  79,              1.5476,              2.2955,              2.3297,           0.0036138,            0.057696,            0.012625,           0.0033815,                   0,                   0,                   0,            0.008596,            0.008596,            0.008596
                  80,              1.4555,              2.1157,              2.2569,           0.0031516,            0.045385,           0.0065326,           0.0015821,                   0,                   0,                   0,            0.008578,            0.008578,            0.008578
                  81,              1.4399,              2.1193,              2.2313,           0.0023783,            0.047807,           0.0042375,           0.0009614,                   0,                   0,                   0,             0.00856,             0.00856,             0.00856
                  82,              1.4318,              2.1379,               2.208,           0.0025574,            0.047976,           0.0044541,           0.0012875,                   0,                   0,                   0,            0.008542,            0.008542,            0.008542
                  83,              1.4377,              2.1211,              2.2148,           0.0012457,            0.028578,           0.0010973,          0.00026314,                   0,                   0,                   0,            0.008524,            0.008524,            0.008524
                  84,              1.3269,              1.9361,              2.0962,           0.0014331,            0.032109,           0.0015295,          0.00039636,                   0,                   0,                   0,            0.008506,            0.008506,            0.008506
                  85,              1.2364,              1.8156,              2.0342,             0.10348,            0.014768,           0.0040708,          0.00091134,                   0,                   0,                   0,            0.008488,            0.008488,            0.008488
                  86,              1.2489,              1.8912,              2.0409,            0.001891,            0.033233,           0.0025736,          0.00057093,                   0,                   0,                   0,             0.00847,             0.00847,             0.00847
                  87,              1.2998,              1.8408,              2.0285,             0.41561,           0.0078692,             0.01061,           0.0021645,                   0,                   0,                   0,            0.008452,            0.008452,            0.008452
                  88,              1.1981,              1.7451,              1.9464,             0.84907,             0.00454,           0.0073414,           0.0013865,                   0,                   0,                   0,            0.008434,            0.008434,            0.008434
                  89,              1.1881,              1.7162,              1.9194,             0.83173,           0.0043668,           0.0052854,          0.00072336,                   0,                   0,                   0,            0.008416,            0.008416,            0.008416
                  90,              1.1721,              1.7433,              1.9143,             0.77687,           0.0043886,           0.0077119,           0.0013168,                   0,                   0,                   0,            0.008398,            0.008398,            0.008398
                  91,              1.1914,              1.6994,               1.908,           0.0015208,            0.032209,           0.0067937,           0.0013388,                   0,                   0,                   0,             0.00838,             0.00838,             0.00838
                  92,              1.1044,              1.5638,              1.8421,             0.65448,           0.0049939,           0.0073915,           0.0015845,                   0,                   0,                   0,            0.008362,            0.008362,            0.008362
                  93,              1.1966,              1.7834,              1.8991,           0.0028341,            0.042677,           0.0043402,           0.0007077,                   0,                   0,                   0,            0.008344,            0.008344,            0.008344
                  94,              1.0588,              1.4659,              1.7732,             0.50048,             0.00474,           0.0042793,          0.00091666,                   0,                   0,                   0,            0.008326,            0.008326,            0.008326
                  95,              1.2022,              1.7223,              1.9122,             0.77535,           0.0048426,           0.0067724,           0.0010339,                   0,                   0,                   0,            0.008308,            0.008308,            0.008308
                  96,              1.1032,              1.6088,              1.8175,           0.0023394,            0.035347,           0.0038754,          0.00067623,                   0,                   0,                   0,             0.00829,             0.00829,             0.00829
                  97,             0.99743,              1.4388,               1.727,           0.0028883,            0.028941,           0.0037953,          0.00059364,                   0,                   0,                   0,            0.008272,            0.008272,            0.008272
                  98,              1.0295,              1.5336,              1.7626,           0.0026664,             0.04298,           0.0038965,          0.00061075,                   0,                   0,                   0,            0.008254,            0.008254,            0.008254
                  99,              1.0102,              1.4487,              1.7065,           0.0027275,            0.030101,           0.0039537,          0.00073088,                   0,                   0,                   0,            0.008236,            0.008236,            0.008236
                 100,              0.9657,              1.3593,              1.6647,            0.001706,            0.019141,           0.0024164,          0.00054321,                   0,                   0,                   0,            0.008218,            0.008218,            0.008218
                 101,             0.90976,                1.28,              1.6271,             0.91437,           0.0043886,           0.0065471,           0.0012592,                   0,                   0,                   0,              0.0082,              0.0082,              0.0082
                 102,             0.92994,              1.3212,               1.643,             0.89357,           0.0043886,            0.006478,          0.00091181,                   0,                   0,                   0,            0.008182,            0.008182,            0.008182
                 103,             0.96137,              1.4076,              1.6596,           0.0026627,            0.031426,           0.0031367,           0.0008446,                   0,                   0,                   0,            0.008164,            0.008164,            0.008164
                 104,             0.95063,              1.3296,              1.6176,            0.002116,            0.038492,           0.0029724,          0.00090577,                   0,                   0,                   0,            0.008146,            0.008146,            0.008146
                 105,             0.89472,              1.2288,              1.5745,             0.63505,           0.0035051,           0.0054949,           0.0012967,                   0,                   0,                   0,            0.008128,            0.008128,            0.008128
                 106,              0.8667,              1.2575,              1.5605,           0.0030135,            0.034036,           0.0049738,          0.00087136,                   0,                   0,                   0,             0.00811,             0.00811,             0.00811
                 107,             0.87984,               1.218,              1.5613,             0.84444,            0.002724,           0.0054949,           0.0010449,                   0,                   0,                   0,            0.008092,            0.008092,            0.008092
                 108,             0.84117,              1.2362,              1.5347,             0.87661,            0.003632,           0.0055576,           0.0012995,                   0,                   0,                   0,            0.008074,            0.008074,            0.008074
                 109,             0.83368,              1.1867,              1.5207,             0.91249,           0.0024213,           0.0052709,           0.0010883,                   0,                   0,                   0,            0.008056,            0.008056,            0.008056
                 110,              0.8033,              1.1738,              1.4921,           0.0022808,            0.029826,           0.0030257,          0.00075769,                   0,                   0,                   0,            0.008038,            0.008038,            0.008038
                 111,              0.7904,              1.1039,              1.4703,           0.0016863,            0.019203,           0.0027303,           0.0005818,                   0,                   0,                   0,             0.00802,             0.00802,             0.00802
                 112,             0.78133,              1.0964,              1.4778,             0.60091,           0.0060533,           0.0046312,            0.001077,                   0,                   0,                   0,            0.008002,            0.008002,            0.008002
                 113,             0.77787,              1.1048,              1.4557,             0.65012,           0.0074153,           0.0039352,          0.00097274,                   0,                   0,                   0,            0.007984,            0.007984,            0.007984
                 114,             0.73568,              1.0294,              1.4216,           0.0018038,            0.025586,            0.003988,          0.00086166,                   0,                   0,                   0,            0.007966,            0.007966,            0.007966
                 115,             0.76727,              1.0394,              1.4347,           0.0021681,            0.024313,           0.0059546,          0.00096925,                   0,                   0,                   0,            0.007948,            0.007948,            0.007948
                 116,             0.73589,              1.0167,              1.4212,           0.0019213,            0.023693,           0.0037302,          0.00076298,                   0,                   0,                   0,             0.00793,             0.00793,             0.00793
                 117,             0.70854,             0.98518,              1.3892,           0.0017975,            0.016266,           0.0017326,          0.00051971,                   0,                   0,                   0,            0.007912,            0.007912,            0.007912
                 118,             0.69339,             0.96447,               1.368,           0.0030567,            0.026582,           0.0034623,            0.000841,                   0,                   0,                   0,            0.007894,            0.007894,            0.007894
                 119,             0.72203,             0.99628,              1.4028,           0.0037513,            0.025107,           0.0039101,          0.00080372,                   0,                   0,                   0,            0.007876,            0.007876,            0.007876
                 120,             0.70899,              1.0105,              1.3911,           0.0024545,            0.021576,           0.0031841,          0.00078591,                   0,                   0,                   0,            0.007858,            0.007858,            0.007858
                 121,             0.70826,             0.99501,              1.3715,            0.002205,            0.018182,           0.0031245,          0.00064461,                   0,                   0,                   0,             0.00784,             0.00784,             0.00784
                 122,             0.71008,             0.98116,              1.3684,           0.0040542,            0.025323,           0.0042365,          0.00078165,                   0,                   0,                   0,            0.007822,            0.007822,            0.007822
                 123,              0.7098,              1.0178,              1.3928,           0.0021816,            0.026164,           0.0039512,          0.00064374,                   0,                   0,                   0,            0.007804,            0.007804,            0.007804
                 124,             0.69359,              1.0163,              1.3683,            0.001871,            0.029308,           0.0021262,          0.00059552,                   0,                   0,                   0,            0.007786,            0.007786,            0.007786
                 125,             0.63263,             0.86802,              1.3078,           0.0017372,            0.022764,           0.0020243,           0.0006229,                   0,                   0,                   0,            0.007768,            0.007768,            0.007768
                 126,             0.63756,             0.89617,              1.3051,           0.0014836,            0.016114,           0.0016192,          0.00058445,                   0,                   0,                   0,             0.00775,             0.00775,             0.00775
                 127,             0.62831,             0.89001,              1.3042,           0.0025183,            0.022143,           0.0024476,          0.00049878,                   0,                   0,                   0,            0.007732,            0.007732,            0.007732
                 128,             0.63075,             0.89267,              1.3047,           0.0028003,            0.019634,           0.0032326,          0.00054938,                   0,                   0,                   0,            0.007714,            0.007714,            0.007714
                 129,             0.65178,             0.94204,              1.3248,           0.0031339,            0.022633,           0.0032779,          0.00058444,                   0,                   0,                   0,            0.007696,            0.007696,            0.007696
                 130,             0.61967,             0.85421,              1.2899,           0.0036349,            0.027123,           0.0033868,          0.00064368,                   0,                   0,                   0,            0.007678,            0.007678,            0.007678
                 131,             0.65379,             0.90908,              1.3145,           0.0022603,            0.023165,           0.0026037,            0.000583,                   0,                   0,                   0,             0.00766,             0.00766,             0.00766
                 132,              0.6009,              0.8172,              1.2634,           0.0026891,            0.024538,           0.0025506,          0.00046943,                   0,                   0,                   0,            0.007642,            0.007642,            0.007642
                 133,             0.57566,             0.81083,              1.2421,           0.0017634,            0.019847,           0.0019728,           0.0004623,                   0,                   0,                   0,            0.007624,            0.007624,            0.007624
                 134,             0.61109,             0.88046,              1.2658,           0.0016118,            0.016972,              0.0017,          0.00043558,                   0,                   0,                   0,            0.007606,            0.007606,            0.007606
                 135,             0.60435,             0.83765,              1.2634,            0.004265,            0.030264,           0.0067833,           0.0011488,                   0,                   0,                   0,            0.007588,            0.007588,            0.007588
                 136,             0.61212,             0.87046,              1.2737,             0.53089,           0.0054479,            0.007287,          0.00099338,                   0,                   0,                   0,             0.00757,             0.00757,             0.00757
                 137,             0.56132,              0.7945,              1.2331,            0.002624,            0.022268,           0.0046641,          0.00072027,                   0,                   0,                   0,            0.007552,            0.007552,            0.007552
                 138,              0.5777,             0.81563,              1.2474,           0.0032696,            0.021411,           0.0045156,          0.00085919,                   0,                   0,                   0,            0.007534,            0.007534,            0.007534
                 139,             0.57026,             0.79149,              1.2325,            0.001811,            0.016568,           0.0034211,          0.00084928,                   0,                   0,                   0,            0.007516,            0.007516,            0.007516
                 140,             0.57263,             0.80327,              1.2315,           0.0016672,             0.01464,           0.0015753,          0.00049846,                   0,                   0,                   0,            0.007498,            0.007498,            0.007498
                 141,             0.54023,             0.76011,              1.2059,            0.004724,            0.017728,           0.0067931,           0.0010879,                   0,                   0,                   0,             0.00748,             0.00748,             0.00748
                 142,               0.514,             0.73622,              1.1946,           0.0014832,             0.01334,           0.0012294,          0.00040294,                   0,                   0,                   0,            0.007462,            0.007462,            0.007462
                 143,             0.55281,             0.75125,              1.2076,           0.0018323,            0.013088,           0.0013709,          0.00044195,                   0,                   0,                   0,            0.007444,            0.007444,            0.007444
                 144,             0.54052,             0.75421,              1.2031,            0.002122,            0.013251,           0.0018048,           0.0005029,                   0,                   0,                   0,            0.007426,            0.007426,            0.007426
                 145,             0.55472,             0.78186,              1.2108,           0.0025999,            0.018093,             0.00425,           0.0010021,                   0,                   0,                   0,            0.007408,            0.007408,            0.007408
                 146,              0.4882,             0.68662,              1.1729,           0.0025962,             0.01769,           0.0043287,          0.00083046,                   0,                   0,                   0,             0.00739,             0.00739,             0.00739
                 147,             0.53846,             0.78693,              1.2052,           0.0022461,            0.019318,           0.0059737,           0.0013953,                   0,                   0,                   0,            0.007372,            0.007372,            0.007372
                 148,             0.52318,             0.71908,              1.1807,           0.0030558,            0.020026,           0.0024286,          0.00061609,                   0,                   0,                   0,            0.007354,            0.007354,            0.007354
                 149,             0.49019,             0.70379,              1.1709,           0.0045816,            0.023176,           0.0073149,           0.0017244,                   0,                   0,                   0,            0.007336,            0.007336,            0.007336
                 150,             0.48101,             0.69694,              1.1562,           0.0045126,            0.015975,           0.0031648,          0.00081285,                   0,                   0,                   0,            0.007318,            0.007318,            0.007318
                 151,             0.51661,              0.7412,              1.1827,           0.0055627,            0.024286,           0.0057299,          0.00094791,                   0,                   0,                   0,              0.0073,              0.0073,              0.0073
                 152,             0.53559,             0.76156,              1.1967,           0.0029089,            0.023442,           0.0028346,           0.0005631,                   0,                   0,                   0,            0.007282,            0.007282,            0.007282
                 153,             0.47861,               0.668,              1.1495,           0.0032648,            0.019671,           0.0037492,          0.00072832,                   0,                   0,                   0,            0.007264,            0.007264,            0.007264
                 154,             0.52333,             0.74709,              1.1862,           0.0026941,            0.020517,            0.003016,          0.00063545,                   0,                   0,                   0,            0.007246,            0.007246,            0.007246
                 155,             0.50934,              0.7305,              1.1709,           0.0066945,            0.023543,           0.0046262,          0.00095158,                   0,                   0,                   0,            0.007228,            0.007228,            0.007228
                 156,             0.48151,              0.6657,              1.1558,           0.0044624,            0.024149,           0.0033886,          0.00065598,                   0,                   0,                   0,             0.00721,             0.00721,             0.00721
                 157,             0.45601,             0.65179,              1.1301,           0.0042363,              0.0243,           0.0036851,          0.00081425,                   0,                   0,                   0,            0.007192,            0.007192,            0.007192
                 158,             0.46269,               0.677,              1.1425,           0.0044829,            0.022046,           0.0035276,          0.00079334,                   0,                   0,                   0,            0.007174,            0.007174,            0.007174
                 159,             0.49387,             0.68572,              1.1631,           0.0025358,            0.020668,           0.0020757,          0.00058268,                   0,                   0,                   0,            0.007156,            0.007156,            0.007156
                 160,             0.44855,             0.63134,              1.1215,           0.0027827,            0.022319,           0.0042165,          0.00076408,                   0,                   0,                   0,            0.007138,            0.007138,            0.007138
                 161,             0.43483,             0.61838,              1.1174,            0.003551,            0.023176,            0.007008,           0.0014736,                   0,                   0,                   0,             0.00712,             0.00712,             0.00712
                 162,              0.4266,             0.61482,              1.1165,           0.0069255,            0.023782,           0.0087416,           0.0015072,                   0,                   0,                   0,            0.007102,            0.007102,            0.007102
                 163,             0.46937,             0.67114,              1.1453,           0.0040642,            0.016883,           0.0046357,           0.0007802,                   0,                   0,                   0,            0.007084,            0.007084,            0.007084
                 164,             0.45546,              0.6413,                1.12,           0.0044756,            0.019923,           0.0054772,          0.00082362,                   0,                   0,                   0,            0.007066,            0.007066,            0.007066
                 165,             0.44431,              0.6283,              1.1159,           0.0058624,            0.023555,           0.0080152,           0.0017763,                   0,                   0,                   0,            0.007048,            0.007048,            0.007048
                 166,             0.45275,             0.64531,              1.1291,            0.004412,            0.017639,           0.0070762,           0.0011044,                   0,                   0,                   0,             0.00703,             0.00703,             0.00703
                 167,             0.44665,               0.614,              1.1209,            0.004381,            0.016594,           0.0068183,            0.001031,                   0,                   0,                   0,            0.007012,            0.007012,            0.007012
                 168,             0.42854,             0.60043,              1.1105,           0.0043369,            0.020125,           0.0046495,          0.00099587,                   0,                   0,                   0,            0.006994,            0.006994,            0.006994
                 169,             0.41448,             0.59289,              1.1056,           0.0042633,             0.01846,           0.0039503,          0.00087912,                   0,                   0,                   0,            0.006976,            0.006976,            0.006976
                 170,               0.421,             0.59884,              1.1019,           0.0053056,            0.016493,           0.0052056,           0.0011571,                   0,                   0,                   0,            0.006958,            0.006958,            0.006958
                 171,             0.48139,             0.68584,              1.1337,           0.0013851,            0.017655,           0.0019851,          0.00042052,                   0,                   0,                   0,             0.00694,             0.00694,             0.00694
                 172,             0.43044,             0.59141,              1.1033,           0.0011401,            0.012978,           0.0012908,          0.00029154,                   0,                   0,                   0,            0.006922,            0.006922,            0.006922
                 173,             0.44311,              0.6109,              1.1139,           0.0010907,            0.012207,           0.0010019,             0.00031,                   0,                   0,                   0,            0.006904,            0.006904,            0.006904
                 174,             0.43845,             0.62573,              1.1296,           0.0023888,            0.010224,           0.0015315,          0.00038406,                   0,                   0,                   0,            0.006886,            0.006886,            0.006886
                 175,             0.42913,             0.58739,              1.1018,           0.0031009,             0.01315,           0.0042837,           0.0010943,                   0,                   0,                   0,            0.006868,            0.006868,            0.006868
                 176,             0.44365,             0.62467,              1.1222,           0.0044246,            0.014929,           0.0038981,          0.00071025,                   0,                   0,                   0,             0.00685,             0.00685,             0.00685
                 177,             0.40642,             0.57131,              1.0912,           0.0036051,            0.014058,           0.0042603,          0.00073026,                   0,                   0,                   0,            0.006832,            0.006832,            0.006832
                 178,             0.42968,             0.62343,               1.104,           0.0058298,            0.013907,           0.0039091,          0.00071772,                   0,                   0,                   0,            0.006814,            0.006814,            0.006814
                 179,             0.42883,             0.58232,              1.0951,           0.0027432,            0.012068,           0.0020003,          0.00055942,                   0,                   0,                   0,            0.006796,            0.006796,            0.006796
